Ms Isabella Robinson,
Mr Raul Martin,
Mr Fatih Tasci,
Monsieur Benno Moulin,
Mr Pablo Campos,
Mr Ohrim Harhalis,
Mr Horiv Domontovich,
Mr Nicolas Rolon,
Mr Nirav Shenoy,
Mr Raul Roque,
Mr Vadim Stolyarchuk,
Mr Jacob Andersen,
Mr Aapo Lammi,
Mrs Chloe Jennings,
Mr Bently Andersen,
Mrs Concepcion Gaytan,
Mrs Tina Erceg,
Mr Elias Jensen,
Mr Ross Wallace,
Mr Thomas Ma,
Mr Adam Bates,
Mr Randall Oliver,
Mr Joscha Spies,
Mr Olivier Sirko,
Ms Valdinelia da Rocha,
Mr Felix Ginnish,
Miss Adelina Nordlien,
Mr Falan Nagane,
Mr Jeffrey Chavez,
Miss Eva Wong,
Monsieur Matthias Lefebvre,
Mrs Nadja Novakovic,
Madame MarieClaire Renaud,
Mr Carl Brady,
Monsieur Fatmir Marchand,
Ms Maria Moller,
Mr Ergin Rijpkema,
Mr Eemeli Rinne,
Mr Louis Wright,
Miss Ariana Kirkerud,
Miss Lydia Thiele,
Mrs Bella Walters,
Mr Nidio Lopes,
Miss Silvia Saiz,
Ms Luisa Kogel,
Ms Lina Thomas,
Mr Lev Borodyuk,
Mr Ausendo da Paz,
Monsieur Attila Gerard,
Mr Nicholas Dunn,
Mr Dharun Adiga,
Ms Arlene da Conceicao,
Madame Carla Picard,
Mr Azar Kurilyuk,
Mr Mason Gagnon,
Mrs Isabella Poulsen,
Monsieur Emanuel Marie,
Mr Rachit Fernandes,
Ms Amanda Halko,
Miss Maria Jorgensen,
Miss Adah Banerjee,
Mr Ronald Douglas,
Miss Jen Morrison,
Mrs Ellie Walker,
Mr Drago Kojic,
Mrs Brittany Frazier,
Mr Necati Gehring,
Miss Aada Salmi,
Mrs Chloe Chapman,
Ms Alejandra Tellez,
Miss Terri Hansen,
Mr Dan Slaboshpickiy,
Ms Kylie Cruz,
Mr Marco Landro,
Ms Karine Foreland,
Miss Tracy Walters,
Mr Gregorio Perez,
Ms Luisa Torres,
Mr Ekansh Bansal,
Miss Suleni da Mata,
Mrs Harper Liu,
Mr Artur Aragao,
Miss Madhvi Sijtsema,
Mr Radomir Radovic,
Mr Carlos Kjorsvik,
Ms Victoria Simon,
Ms Veera Ketola,
Ms Hilde Petterson,
Mrs Zulmira Santos,
Mr Samu Rautio,
Mr Thomas French,
Ms Gilcenira Peixoto,
Mrs Susie Horton,
Madame Enya Philippe,
Mr Ericus Verschure,
Mr Leo Green,
Miss Milla Lepisto,
Mr Dag Gjesdal,
Ms Dzvenimira Gudima Oleksandr,
Mr Lewis Barnes,
Mr Vedat Gunday,
Mrs Maria Madsen,
Ms Sigrun Wischnewski,
Miss Alicia Diaz,
Mr Anthony Clark,
Ms Ethel Richardson,
Mrs Mary Jennings,
Mr Horoshko Goriliy,
Ms Florence Sirko,
Mr Wyatt Morales,
Mr Milan Valentin,
Mr Hector Cabrera,
Mr Dustin Jordan,
Mr Esteban Nunez,
Mrs Leonor Menendez,
Miss Silke Christensen,
Ms Anine Tronstad,
Miss Volya Asaula,
Mrs Celine Moreira,
Mr Olegario da Costa,
Ms Laura Johnson,
Mr Emile Scott,
Mrs Claire Fox,
Mr Tanmay Prajapati,
Mr Lino Roche,
Mr Jon Burton,
Mr Murat Asikoglu,
Mrs Samantha Jones,
Monsieur Rolf Fleury,
Miss Tijana Lapcevic,
Mr Italo Pereira,
Mr Genaro Rojo,
Mrs Dinella Bangera,
Mr Phillip Jennings,
Mr Domenico Gratz,
Ms Lucile Lemaire,
Mademoiselle Irina Dumont,
Mr Roberto Phillips,
Mr Ontin Materskiy,
Mrs Freja Langmo,
Mr Carlos Fisher,
Ms Nina Sotra,
Mrs Rosario Rojas,
Mr Arin Smith,
Monsieur Adrien Sanchez,
Mrs Melody Brunet,
Miss Kubra Erturk,
Miss Anaelle Leroux,
Miss Bia Moura,
Ms Adele Noel,
Ms Heidi Bryant,
Mr Duane Mason,
Mrs Camila Parra,
Mr Idhant Chatterjee,
Ms Florestana Silva,
Ms Heidi Campbell,
Mr Frederik Fosen,
Mr Aiden Denys,
Mr Barcino Cavalcanti,
Mr Dev Prabhakaran,
Mr Arnold Nguyen,
Mr Jimi Lammi,
Mr Keith Gray,
Mr Aiden Lopez,
Mr Gary Bailey,
Mr Pablo Marin,
Mr Ege Kuzucu,
Mr Isaac Lossius,
Mr Taras Pogorelov,
Mrs Cindel Brommer,
Madame Aida Muller,
Mr Kirk Willis,
Mr Zachary Thompson,
Mr Eelis Niemi,
Miss Irene Austin,
Miss Mirolyuba Gorlach,
Miss Anniken Aandahl,
Miss Lori Hart,
Mr Gerry Shelton,
Ms Isabella Pedersen,
Mr Sandro Lacroix,
Ms Sjanne Regeer,
Miss Isabella Foster,
Mr Knud Heinz,
Madame Gabriela Da Silva,
Ms Iiris Makela,
Mrs Emilie Larsen,
Mr Ardian Roelse,
Ms Vera Jankovic,
Mrs Benete da Rocha,
Mrs Eleanor Romero,
Mr Hunter Ennis,
Mr Dragoslav Dincic,
Mrs Artemiya Porovskiy,
Mr Pyke Spronk,
Ms Soline Fontai,
Mr Mirolyub Semenchuk,
Mr Mijat Perisic,
Mrs Kate Reil,
Miss Zlata Drljaca,
Mr Ekkehart Rupprecht,
Mr Hector Kennedy,
Mr Martin Moysya,
Mr Rushil Kouser,
Mr Ryan Hudson,
Mademoiselle Vivienne Brun,
Miss Surabhi Belligatti,
Mr Miguel Anderson,
Mrs Alberte Nielsen,
Miss Laly Roger,
Ms Susanna Gregory,
Mrs Ava Williams,
Mrs Abigail Macrae,
Mr Eli Howard,
Mr Timoteo Arce,
Miss Miriam Lynch,
Mr Oskari Laakso,
Miss Katherine Lewis,
Miss Anita Garrett,
Mr Vladan Kuzmanovic,
Mrs Marie Lucas,
Miss Victoria Petersen,
Mr Archie Lee,
Mademoiselle Giuliana Guerin,
Ms Erin Frazier,
Mr Victor Liu,
Mr Rick Wagner,
Mr Joel Lampinen,
Mr Mikkel Poulsen,
Mr Mathew Knight,
Miss Reingard Sager,
Ms Asuncion Hidalgo,
Mr Eda Freitas,
Miss Ramona Cox,
Ms Victoria Lam,
Mrs Concepcion Navarrete,
Miss Angela Rivera,
Mr Leslie Kim,
Ms Lauren Thompson,
Mr Nicolas Addy,
Mr Lance Freeman,
Ms Mitra Runia,
Mademoiselle Judith Perrin,
Mr Velizar Stojakovic,
Mr Gonzalo Nunez,
Mr Atanasio Almeida,
Mrs Elsa Mendes,
Mr Adolfo Gil,
Mr Terrance Stanley,
Mr Valtteri Heikkinen,
Miss Alma Mortensen,
Mrs Sophia Cole,
Mrs Beyzanur Van Vroenhoven,
Mr Matheo Aubert,
Ms Valentina Lapchinskiy,
Mr Syed Moens,
Mr Verter Jesus,
Mrs Esma Okumus,
Mr Ajay Mugeraya,
Mr Russell Thompson,
Ms Lakshmi Gatty,
Miss Heather Burns,
Mrs Glikeriya Grigorcev,
Mr Joas Moraes,
Mrs Abigail Sirko,
Mr Alano Novaes,
Mr Otto Palo,
Mrs Kathy Van Pijkeren,
Miss Rosa Vela,
Mr Wesley Gonzales,
Ms Abby Weaver,
Mr Ronnie Harrison,
Ms Maria Cristina Martinez,
Miss Emily Lewis,
Mr Aaron Martinez,
Mr Lee Phillips,
Ms Christine Newman,
Mademoiselle Luciana Louis,
Mr William Chow,
Mrs Geruza Silveira,
Mr Sadhil Manjunath,
Mrs Olivia Walker,
Mr Abderrahim Spanjaard,
Ms Mestan Kahveci,
Mr Girish Rajesh,
Miss Maria Teresa Rodriquez,
Mr Christian Mendez,
Monsieur Yves Gautier,
Miss Florence Steward,
Mr Avgustin Kravchik,
Mr Landon Terry,
Mr Danko Zhukovskiy,
Mrs Nevaeh Thompson,
Mr Tomas Duenas,
Mrs Lourdes Cortes,
Ms Allie Cox,
Miss Maria Ayala,
Mr Grimaldo Pedraza,
Mr Fabien Francois,
Mr Charles Li,
Mrs Esperanza Lugo,
Mrs Annieke Van Leijenhorst,
Miss Paulina Urbina,
Mrs Vildan Erberk,
Mr Drago Majstorovic,
Mrs Eleonora Ivanic,
Mr Jack Kelley,
Mrs Laila Thum,
Ms Maxine Armstrong,
Mrs Alejandra Guajardo,
Mr Boban Vujicic,
Mr Victor Petersen,
Miss Veronica Castro,
Mrs Rute da Cruz,
Mr Ramon Serrano,
Ms Margot Lopez,
Mrs Ava Ma,
Miss Henri Vorwerk,
Mr Julian Neal,
Mr HorstDieter Schaffrath,
Mr Jezdimir Tomic,
Monsieur Maurice Leclerc,
Ms Esma Topaloglu,
Miss Elvina Stashuk,
Mr Arttu Hakala,
Monsieur Enis Meyer,
Miss Heather Garrett,
Miss Milia Deras,
Mr Martin Ibanez,
Ms Sneha Raval,
Mr Storm Rasmussen,
Mr Agapito da Paz,
Mr Eugene Van Kempen,
Miss Omur Dagdas,
Ms Brooke Davies,
Miss Laerke Larsen,
Mr Ieremiy Avduievskiy,
Mr Josep Alvarez,
Mr Caleb Shelton,
Miss Maureen Medina,
Mr Tracy Bishop,
Mrs Meral Yildizoglu,
Mr Ridvan Manuhutu,
Ms Roseneide Almeida,
Mr Vilho Laitinen,
Mr Ananth Bangera,
Mr Hector Reed,
Miss Lucia Moreno,
Miss Lyna Chevalier,
Mrs Hannah Mcdonalid,
Mr Clarence Wheeler,
Miss Marilu da Rocha,
Ms Soncedara Shimchuk,
Ms Daphne Gerard,
Mr Leander Kloss,
Mr Frederik Christiansen,
Monsieur Andy Dupont,
Mr Tverdislav Dichenko,
Ms Jade Ross,
Mr George Thompson,
Mr Cory Mendoza,
Mademoiselle Elsa Laurent,
Ms Dulce Cavazos,
Monsieur Amir Picard,
Mrs Nanna Christensen,
Miss Sarah Taylor,
Mr Davut Karabulut,
Mr Callum Rodriguez,
Miss Ece Tutuncu,
Mr Nirav Chavare,
Ms Vishrutha Rajesh,
Mr Luke Hart,
Ms Janine Knappe,
Mr Jack Clarke,
Mr Genaro Rios,
Ms Valentina Perrin,
Mr Eduartino Porto,
Mrs Serpil Tremmel,
Miss Diane Holmes,
Ms Sniezka Balenko,
Miss Antonija Isakovic,
Mrs Clara Rosas,
Mr Raunak Sullad,
Mrs Raquel Gutierrez,
Mr Knud Schunemann,
Miss Milla Leino,
Mr Matt Sanders,
Mr PaulHeinz Pusch,
Ms Rachel Planting,
Mrs Omur Kavaklioglu,
Mrs Zoe Clark,
Mr Zeljko Tomovic,
Mrs Angela Oquendo,
Mrs Keya Prabhu,
Mr Ricardo Villanueva,
Mr Connor Singh,
Mr Adolfo Romero,
Mrs Cherly Brown,
Mr Gagan Bhat,
Mr Miguel Wagner,
Ms Annemarie Spielmann,
Miss Katie Perez,
Mademoiselle Giuseppina Berger,
Mrs Dania Saele,
Mr Hubrecht Curfs,
Ms Saga Nyborg,
Mr Nathaniel Peters,
Mr Eino Lampi,
Mrs Johanne Mortensen,
Mr Emil Rasmussen,
Mrs Sandi Monteiro,
Mrs Nastasija Stefanovic,
Mr Arman Idris,
Mr Kenneth Arnold,
Mr Bob Brown,
Mr Nathaniel Foss,
Miss Kimberly Black,
Mrs Ustina Ruban,
Mr Domorad Vikul,
Mr Rodan Linnichenko,
Mr Javier Vazquez,
Mr Zhivorid Gripich,
Mr Benjamin Solis,
Mr Jeremy Hicks,
Mr Zera Fernandes,
Mr Wallace Wagner,
Mrs Jasmina Kapetanovic,
Mrs Kim Lane,
Mr Patrick Davies,
Ms Sara Calvillo,
Mrs Lucy Lewis,
Monsieur Samuele Riviere,
Ms Karine Ose,
Ms Maria Cristina Mireles,
Ms Zoe Arellano,
Miss Lily Petit,
Mr Geordy Moonen,
Ms Maria Rasic,
Ms Pelagiya Otroshchenko,
Mr Rufino Lemus,
Mrs Marie Kuhn,
Madame Rita Menard,
Mr Emil Jorgensen,
Mr Folkert Liedtke,
Miss Sofia Barnes,
Mrs Marliese Kahl,
Mrs Carole Patterson,
Mrs Sabrina Yakovishin,
Ms Nicole Fuller,
Madame Cindy Da Silva,
Mr Adam Mortensen,
Miss Reini Haerkens,
Madame Biljana Marie,
Ms Abigail Claire,
Mr Milomir Smiljanic,
Mr Felix Carter,
Mr Mathis Addy,
Miss Rebeca Zarate,
Miss Yasemin Kuzucu,
Miss Paige James,
Madame Hanna Leroy,
Mr Esat Adal,
Ms Pricilla Marchand,
Mr Julien Vidal,
Mrs Rachel Henderson,
Miss Aurelia Wolf,
Miss Kim Garrett,
Mrs Maria Eugenia Centeno,
Mr Adrian Ward,
Mr Tage Nysted,
Ms Freya White,
Mr Oscar Sanchez,
Ms Maria Jose Calderon,
Mr Luukas Kivi,
Ms Megan Patel,
Mrs Rose Morgan,
Miss Ludmila Stojakovic,
Ms Olja Rukavina,
Madame Yvonne Da Silva,
Mr Romeo Noel,
Mr Karim Berstad,
Mr Eli Clarke,
Mrs Marcela Guerrero,
Mr Abel Kongshaug,
Mr Edwin Gunzel,
Ms Suzet Bagci,
Miss Lilly Garnier,
Mr Horacio de la Cruz,
Mr Jake Walker,
Mrs Eva Colon,
Ms Christina Fox,
Mr Manuel Mascarenas,
Mr Haakon Holm,
Ms Ella Jensen,
Mr Carmelo Morales,
Mr Owen Morrison,
Mrs Sofia Evans,
Mr Romeo Leivestad,
Mr Nolhan Lemaire,
Ms Nina Hansen,
Miss Shruti Sheikh,
Mr Rishaan Saha,
Mr Alexander Miller,
Mr Alex Patel,
Ms Milja Ollila,
Madame Therese Caron,
Mr Volodimir Lesik,
Miss Renata Sondermann,
Mr Manuel Silveira,
Miss Karina Yanickiy,
Mr Yousef Weiseth,
Madame Christa Petit,
Mr Flenn Nelson,
Ms Anna Martin,
Mr Manuel Gil,
Monsieur Elias Leclercq,
Miss Pozvizda Pisarevskiy,
Mr Chakradev Anchan,
Mrs Veronica Armas,
Mr Jordi Flores,
Ms Claudia Carvajal,
Ms Sanja Pavic,
Ms Deekshitha Mendonsa,
Miss Alicia Cruz,
Mr Jonathan Roman,
Mrs Luz Acosta,
Mr Harvey Young,
Mr Baris Karaduman,
Ms Lily Park,
Miss Gail Russell,
Ms Imogen Johnson,
Mr John Ramirez,
Miss Anna Clarke,
Miss Alyssia Picard,
Mrs Olivia Pearson,
Miss Sonia Wiechmann,
Miss Charlotte Gomez,
Mr Ramon Soto,
Mr Hitesh Gatty,
Mrs Abbie Craig,
Mr Lohan Blanc,
Ms Olga Chuyko,
Mr Aderito Martins,
Mr Enrique Diaz,
Miss Amalie Moller,
Mr Lakshit Shah,
Mr Fernando Weissbach,
Mr Augusto Villa,
Mr Farid Van Koolwijk,
Mr Ray Kuhn,
Mrs Annegien Doodeman,
Miss Freja Moller,
Madame Vesna Gonzalez,
Mr Vincent Claire,
Ms Ipek Van Houdt,
Mrs Summer Johnson,
Miss Prathiksha Rao,
Miss Mila Kalinic,
Mr Tunahan Tielen,
Mr Darren Hall,
Mr Nael Mathieu,
Mr Theodore Noel,
Mr Theodore Hanson,
Mrs Celia Duran,
Mr Mileta Rukavina,
Miss Mihaela Stepanovic,
Miss Emily Zhang,
Mr Alfredo Nguyen,
Ms Melodie Walker,
Mr Naslav Petrivskiy,
Ms Anabel Laboy,
Mr Pilar Baez,
Mrs Mila Lewis,
Mr Bouke Van den Berge,
Mr Charlie Shelton,
Ms Aaliyah Jones,
Mrs Louise Colin,
Mr Aaldrik Van Schijndel,
Miss Mackenzie Jackson,
Mr Daniel Bouchard,
Ms Mia Lo,
Mrs Ana Ferreira,
Miss Kes Lindner,
Mr Abhimanyu Ramesh,
Mr Jose Luis Tejeda,
Miss Gerti Sacher,
Mr Tristan Johansen,
Mr William Harris,
Mr Balvan Kumari,
Mr Eugenio Jimenez,
Ms Rose Nguyen,
Ms Janniek Sebregts,
Ms Madison Abraham,
Mr Radomir Vasic,
Mrs Alexis Grewal,
Mr Milo Aardal,
Miss Stella Schalk,
Miss Fatma Erez,
Mrs Elena Pavic,
Mrs Shanti Berkhout,
Ms Vaishnavi Nayak,
Mr Mael Lopez,
Miss Emmy Charles,
Miss Sniezka Pastushenko,
Madame Azra Richard,
Mr Noe Rodriguez,
Miss Sonia Garza,
Mr Arnold Stevens,
Miss Veronica Hayes,
Miss Miriam Rios,
Mr Anton Tervo,
Ms Camilla Wenzel,
Mr Nikolaj Rasmussen,
Mrs Natasa Rodic,
Ms Catalina Marrero,
Mr Salvador Rubio,
Mr Kenan Akisik,
Mr Alexander King,
Monsieur Andrew Leclerc,
Mrs Naja Christensen,
Miss Emma Medina,
Mr Lothar Conradi,
Mr Lisandro Pires,
Mr Vivek Padmanabha,
Mr Jason Holland,
Mrs Megan Mccoy,
Monsieur Arnold Riviere,
Miss Maja Ilic,
Mrs Thais Rodriguez,
Mr Kiieslav Kernickiy,
Mr Kadir Kulaksizoglu,
Mr Marc Kelly,
Mr Sam Lysgard,
Ms Martha Ford,
Mr Houssine Moerkerk,
Mrs Marga Araujo,
Mrs Ayse Tuqluk,
Ms Jasmine Wilson,
Ms Safina Romijn,
Ms Veronica Hamm,
Ms Angelina Guerin,
Mr Dusan Babic,
Mr Melvin Dean,
Miss Maria Patel,
Mr William Stephens,
Miss Florentina das Neves,
Mr Rodolfo Duarte,
Mr Micheal Montgomery,
Ms Blanca Ozuna,
Mr Emil Jensen,
Mr Joaquin Molina,
Mrs Allie Washington,
Mr Jonas Ocasio,
Mrs Rosie Richardson,
Mrs Clara Kristensen,
Mr Marco Antonio Concepcion,
Mrs Addison Hawkins,
Mrs Kelly Weaver,
Mrs Tracy Cook,
Ms Sharlene Simpson,
Miss Irina Karanovic,
Mr Paul Hayes,
Miss Christina Davidson,
Mr Artur Dushenko,
Mr Saban Holz,
Ms Ilona Hautala,
Mrs Toni Hanson,
Mr Gabriel Hidalgo,
Mr Artur Semenina,
Monsieur Erhard Roche,
Miss Priska Mikolaychuk,
Ms Scarlett Cole,
Mr Wierd Emmerik,
Mr Viljami Waara,
Mrs Francisca Cruz,
Mrs Iiris Lampo,
Mr Ingmar Soldaat,
Ms Chloe Ward,
Miss Heidi Morales,
Mr Logan Roy,
Mr Marko Burenko,
Miss Ikra Oosterlee,
Mr William Francois,
Ms Marwa Borgersen,
Mrs Lilou Fabre,
Mr Nathan Blanc,
Mr Eli Lawrence,
Ms Zoe Sirko,
Miss Diana Noriega